[
{
    "model": "trama.estilo",
    "pk": 0,
    "fields": {
        "nombre_estilo": "Renacimiento"
    }
},
{
    "model": "trama.estilo",
    "pk": 1,
    "fields": {
        "nombre_estilo": "Barroco"
    }
},
{
    "model": "trama.tipodeobra",
    "pk": 0,
    "fields": {
        "nombre_tipo": "Pintura"
    }
},
{
    "model": "trama.tipodeobra",
    "pk": 1,
    "fields": {
        "nombre_tipo": "Escultura"
    }
},
{
    "model": "trama.tipodeobra",
    "pk": 2,
    "fields": {
        "nombre_tipo": "Relieve"
    }
},
{
    "model": "trama.tipodeobra",
    "pk": 3,
    "fields": {
        "nombre_tipo": "Platería"
    }
},
{
    "model": "trama.tipodeobra",
    "pk": 4,
    "fields": {
        "nombre_tipo": "Textil"
    }
},
{
    "model": "trama.tipodeobra",
    "pk": 5,
    "fields": {
        "nombre_tipo": "Vidrio"
    }
},
{
    "model": "trama.tipodeobra",
    "pk": 6,
    "fields": {
        "nombre_tipo": "Otros"
    }
},
{
    "model": "trama.trabajorepresentado",
    "pk": 0,
    "fields": {
        "nombre_trabajo": "Crianza"
    }
},
{
    "model": "trama.trabajorepresentado",
    "pk": 1,
    "fields": {
        "nombre_trabajo": "Limpieza"
    }
},
{
    "model": "trama.trabajorepresentado",
    "pk": 2,
    "fields": {
        "nombre_trabajo": "Tejedora"
    }
},
{
    "model": "trama.trabajorepresentado",
    "pk": 3,
    "fields": {
        "nombre_trabajo": "Costurera"
    }
},
{
    "model": "trama.trabajorepresentado",
    "pk": 4,
    "fields": {
        "nombre_trabajo": "Bordadora"
    }
},
{
    "model": "trama.trabajorepresentado",
    "pk": 5,
    "fields": {
        "nombre_trabajo": "Alfarera"
    }
},
{
    "model": "trama.trabajorepresentado",
    "pk": 6,
    "fields": {
        "nombre_trabajo": "Constructora"
    }
},
{
    "model": "trama.trabajorepresentado",
    "pk": 7,
    "fields": {
        "nombre_trabajo": "Educadora"
    }
},
{
    "model": "trama.trabajorepresentado",
    "pk": 8,
    "fields": {
        "nombre_trabajo": "Nodriza"
    }
},
{
    "model": "trama.trabajorepresentado",
    "pk": 9,
    "fields": {
        "nombre_trabajo": "Lavandera"
    }
},
{
    "model": "trama.trabajorepresentado",
    "pk": 10,
    "fields": {
        "nombre_trabajo": "Cocinera"
    }
},
{
    "model": "trama.trabajorepresentado",
    "pk": 11,
    "fields": {
        "nombre_trabajo": "Pastora"
    }
},
{
    "model": "trama.trabajorepresentado",
    "pk": 12,
    "fields": {
        "nombre_trabajo": "Escritora"
    }
},
{
    "model": "trama.trabajorepresentado",
    "pk": 13,
    "fields": {
        "nombre_trabajo": "Militar"
    }
},
{
    "model": "trama.trabajorepresentado",
    "pk": 14,
    "fields": {
        "nombre_trabajo": "Médico/Curandera"
    }
},
{
    "model": "trama.trabajorepresentado",
    "pk": 15,
    "fields": {
        "nombre_trabajo": "Hilandera"
    }
},
{
    "model": "trama.trabajorepresentado",
    "pk": 16,
    "fields": {
        "nombre_trabajo": "Aguadora/buscadora agua"
    }
},
{
    "model": "trama.trabajorepresentado",
    "pk": 17,
    "fields": {
        "nombre_trabajo": "Matrona"
    }
},
{
    "model": "trama.trabajorepresentado",
    "pk": 18,
    "fields": {
        "nombre_trabajo": "Vendedora"
    }
},
{
    "model": "trama.trabajorepresentado",
    "pk": 19,
    "fields": {
        "nombre_trabajo": "Criada"
    }
},
{
    "model": "trama.trabajorepresentado",
    "pk": 20,
    "fields": {
        "nombre_trabajo": "Cuidadora"
    }
},
{
    "model": "trama.trabajorepresentado",
    "pk": 21,
    "fields": {
        "nombre_trabajo": "Camarera/mesonera"
    }
},
{
    "model": "trama.trabajorepresentado",
    "pk": 22,
    "fields": {
        "nombre_trabajo": "Pintora"
    }
},
{
    "model": "trama.autor",
    "pk": 1,
    "fields": {
        "nombre": "Hernando de Esturmio",
        "alias": null
    }
},
{
    "model": "trama.autor",
    "pk": 2,
    "fields": {
        "nombre": "Bartolomé Esteban Murillo",
        "alias": null
    }
},
{
    "model": "trama.autor",
    "pk": 3,
    "fields": {
        "nombre": "Francisco de Zurbaran (Taller)",
        "alias": null
    }
},
{
    "model": "trama.autor",
    "pk": 4,
    "fields": {
        "nombre": "Juan Ruiz Soriano",
        "alias": null
    }
},
{
    "model": "trama.autor",
    "pk": 5,
    "fields": {
        "nombre": "Bernardo Lorente",
        "alias": "Bernardo Germán Lorente"
    }
},
{
    "model": "trama.autor",
    "pk": 6,
    "fields": {
        "nombre": "Alonso Miguel de Tovar",
        "alias": null
    }
},
{
    "model": "trama.autor",
    "pk": 7,
    "fields": {
        "nombre": "Diego Velázquez",
        "alias": null
    }
},
{
    "model": "trama.autor",
    "pk": 8,
    "fields": {
        "nombre": "Francisco de Zurbarán",
        "alias": null
    }
},
{
    "model": "trama.autor",
    "pk": 9,
    "fields": {
        "nombre": "Alonso Cano",
        "alias": null
    }
},
{
    "model": "trama.autor",
    "pk": 10,
    "fields": {
        "nombre": "Juan Simón Gutiérrez",
        "alias": null
    }
},
{
    "model": "trama.autor",
    "pk": 11,
    "fields": {
        "nombre": "Andrés Pérez de Pineda",
        "alias": null
    }
},
{
    "model": "trama.autor",
    "pk": 12,
    "fields": {
        "nombre": "Círculo Juan Simón Gutiérrez",
        "alias": null
    }
},
{
    "model": "trama.obra",
    "pk": 3,
    "fields": {
        "nombre_obra": "Santa Justa y Rufina",
        "autor": 1,
        "anno": "1555",
        "ubicacion": "Retablo de la capilla de los Evangelistas. Catedral de Sevilla",
        "iconografia": "Santa Justa y Rufina",
        "descripcion": "Oleo sobre tabla. Parte de la predella del retablo. Santas alfareras con giralda detrás de ellas",
        "url_externa": "https://es.wikipedia.org/wiki/Archivo:Santas_Justa_y_Rufina,_de_Hernando_de_Esturmio_(Retablo_de_la_capilla_de_los_Evangelistas_de_la_catedral_de_Sevilla).jpg",
        "url_imagen": "https://upload.wikimedia.org/wikipedia/commons/thumb/a/a5/Santas_Justa_y_Rufina%2C_de_Hernando_de_Esturmio_%28Retablo_de_la_capilla_de_los_Evangelistas_de_la_catedral_de_Sevilla%29.jpg/800px-Santas_Justa_y_Rufina%2C_de_Hernando_de_Esturmio_%28Retablo_de_la_capilla_de_los_Evangelistas_de_la_catedral_de_Sevilla%29.jpg",
        "estilo": 0,
        "tipo_de_obra": 0,
        "trabajo_representado": [
            5
        ]
    }
},
{
    "model": "trama.obra",
    "pk": 4,
    "fields": {
        "nombre_obra": "Sagrada familia del pajarito",
        "autor": 2,
        "anno": "1650",
        "ubicacion": "Museo del Prado",
        "iconografia": "Sagrada Familia",
        "descripcion": "Óleo sobre lienzo, 144 x 188 cm\nSagrada familia, infancia de Cristo en escena cotidiana del hogar. Virgen hilando mientras San José juega con el niño. A los pies de la virgen cesto de mimbre con textiles",
        "url_externa": "https://www.museodelprado.es/aprende/enciclopedia/voz/sagrada-familia-del-pajarito-murillo/d9324aa7-2ea1-4539-8161-0dd5817c76ca",
        "url_imagen": "https://upload.wikimedia.org/wikipedia/commons/6/69/Sagrada_Familia_del_pajarito_%28Murillo%29.jpg",
        "estilo": 1,
        "tipo_de_obra": 0,
        "trabajo_representado": [
            3,
            15
        ]
    }
},
{
    "model": "trama.obra",
    "pk": 7,
    "fields": {
        "nombre_obra": "San Diego de Alcalá dando de comer a los pobres",
        "autor": 2,
        "anno": "1645",
        "ubicacion": "Real Academia de San Fernando",
        "iconografia": "San Diego de Alcalá dando de comer a pobres",
        "descripcion": "San Diego junto a un olla da de comer a poblres, la comida a través de las oraciones nunca se agota. Tipos populares lo reodean, destacan mujeres, niños y ancianos",
        "url_externa": "https://www.museodelprado.es/coleccion/obra-de-arte/san-diego-de-alcala-dando-de-comer-a-los-pobres/82a31ff1-6ec4-4ce3-8492-e4c8b3450950",
        "url_imagen": "https://upload.wikimedia.org/wikipedia/commons/6/66/Bartolome_murillo-diego_de_alcala.JPG",
        "estilo": 1,
        "tipo_de_obra": 0,
        "trabajo_representado": [
            0
        ]
    }
},
{
    "model": "trama.obra",
    "pk": 8,
    "fields": {
        "nombre_obra": "Santa Isabel de Hungría curando a los tiñosos",
        "autor": 2,
        "anno": "1672",
        "ubicacion": "glesia de San Jorge (Hospital de la Caridad)",
        "iconografia": "Santa Isabel de Hungría cura a tiñosos",
        "descripcion": "Óleo sobre lienzo. encargo de Miguel de Mañara, para la decoración de la iglesia de San Jorge del Hospital de la Hermandad de la Caridad de Sevilla. En el lienzo se representa a Santa Isabel de Hungría ayudada por unas damas, mientras vierte agua sobre la cabeza de un niño que se encuentra afectado de tiña cápitis. Santa Isabel de Hungría (1207-1231) era una mujer de ascendencia noble, hija del rey Andrés II de Hungría, tras quedar viuda en el año 1227 dedicó su vida a la religión y a socorrer a los enfermos y necesitados. Ordenó la construcción de un hospital en la ciudad de Marburgo en el que ella misma atendía a los pacientes",
        "url_externa": "https://www.iaph.es/juega-con-murillo/santa-isabel-hungria.html",
        "url_imagen": "https://upload.wikimedia.org/wikipedia/commons/b/b0/Santa_Isabel_de_Hungr%C3%ADa_curando_ti%C3%B1osos..jpg",
        "estilo": 1,
        "tipo_de_obra": 0,
        "trabajo_representado": [
            14
        ]
    }
},
{
    "model": "trama.obra",
    "pk": 9,
    "fields": {
        "nombre_obra": "Santa Ana enseñando a leer a la Virgen",
        "autor": 2,
        "anno": "1655",
        "ubicacion": "Museo del Prado",
        "iconografia": "Santa Ana enseñando a leer a la virgen María",
        "descripcion": "Óleo sobre lienzo.Instrucción de la Virgen por parte de su madre que ha dejado su costura para dedicarle tiempo a la ensañanza de la virgen. Escena cotidiana.",
        "url_externa": "https://www.museodelprado.es/coleccion/obra-de-arte/santa-ana-enseando-a-leer-a-la-virgen/f10dc28e-3273-4b71-a67d-ad120e14a2d3",
        "url_imagen": "https://upload.wikimedia.org/wikipedia/commons/c/c6/Bartolome_murillo-ana_y_la_virgen.jpg",
        "estilo": 1,
        "tipo_de_obra": 0,
        "trabajo_representado": [
            7
        ]
    }
},
{
    "model": "trama.obra",
    "pk": 10,
    "fields": {
        "nombre_obra": "Santas Justa y Rufina",
        "autor": 2,
        "anno": "1666",
        "ubicacion": "Museo de Bellas Artes, Sevilla",
        "iconografia": "Santas Justa y Rufina",
        "descripcion": "Se trata de una de las pinturas realizadas para decorar la iglesia del Convento de los Capuchinos de Sevilla. Están retratadas ambas hermanas, de pie, sosteniendo en las manos una representación de la Giralda, pues popularmente se creyó que fue su intercesión la que impidió que el minarete, para entonces ya campanario de la catedral se cayera en el terremoto de 1504. Las vasijas de barro que aparecen en el suelo son atributo de las santas, al ser hijas de un alfarero. También, por ser mártires, aparece la hoja de palma del martirio.\n",
        "url_externa": "https://www.museosdeandalucia.es/web/museodebellasartesdesevilla/obras-singulares/-/asset_publisher/GRnu6ntjtLfp/content/santas-justa-y-rufi-1",
        "url_imagen": "https://upload.wikimedia.org/wikipedia/commons/thumb/b/be/Santas_Justa_y_Rufina%2C_por_Murillo.jpg/800px-Santas_Justa_y_Rufina%2C_por_Murillo.jpg",
        "estilo": 1,
        "tipo_de_obra": 0,
        "trabajo_representado": [
            5
        ]
    }
},
{
    "model": "trama.obra",
    "pk": 11,
    "fields": {
        "nombre_obra": "Santa Rufina",
        "autor": 3,
        "anno": "1635",
        "ubicacion": "The Fitzwilliam Museum. Cambridge.",
        "iconografia": "Santa Rufina",
        "descripcion": "Joven Santa Rufina vestida como una noble portando platos y tazones de cerámica",
        "url_externa": "http://onlinecollection.nationalgallery.ie/objects/11778/saint-rufina",
        "url_imagen": "https://upload.wikimedia.org/wikipedia/commons/thumb/9/97/Francisco_de_Zurbar%C3%A1n_049.jpg/800px-Francisco_de_Zurbar%C3%A1n_049.jpg",
        "estilo": 1,
        "tipo_de_obra": 0,
        "trabajo_representado": [
            5
        ]
    }
},
{
    "model": "trama.obra",
    "pk": 12,
    "fields": {
        "nombre_obra": "Anunciación",
        "autor": 2,
        "anno": "1660",
        "ubicacion": "Museo Estatal Del Hermitage, Saint Petersburg",
        "iconografia": "Anunciación",
        "descripcion": "Óleo sobre lienzo. Anunciación de San Gabriel a la Virgen que a sus pies tiene una cesta con su costura",
        "url_externa": null,
        "url_imagen": null,
        "estilo": 1,
        "tipo_de_obra": 0,
        "trabajo_representado": [
            3
        ]
    }
},
{
    "model": "trama.obra",
    "pk": 13,
    "fields": {
        "nombre_obra": "Cuatro figuras en un escalón",
        "autor": 2,
        "anno": "1655",
        "ubicacion": "Kimbell Art Museum, Fort Worth, Texas (Estados Unidos)",
        "iconografia": "Cuatro personajes miran al espectador, mujer despiojando",
        "descripcion": "Óleo sobre lienzo. Escena constumbrista, de género, difícil interpretación. Mujer con gafas despiojando a un niño",
        "url_externa": "https://www.museodelprado.es/coleccion/obra-de-arte/la-anunciacion/971fbc95-3a0d-4559-8859-270e54bc153c",
        "url_imagen": "https://upload.wikimedia.org/wikipedia/commons/0/0a/Bartolome_murillo-anunciacion.jpg",
        "estilo": 1,
        "tipo_de_obra": 0,
        "trabajo_representado": [
            0
        ]
    }
},
{
    "model": "trama.obra",
    "pk": 14,
    "fields": {
        "nombre_obra": "Vieja despiojando a un niño",
        "autor": 2,
        "anno": "1670",
        "ubicacion": "Alte Pinakothek, Munich",
        "iconografia": "Vieja despiojando a un niño",
        "descripcion": "Óleo sobre lienzo, 147,5 x 113 cm\nMujer y niño en un ambiente doméstico ha dejado su uso y rueca de hilar a un lado y quita piojos a un niño\n\n- Hilandera\n-Cuidadora",
        "url_externa": "https://www.sammlung.pinakothek.de/en/artwork/ZKGPJE0xgA",
        "url_imagen": "https://upload.wikimedia.org/wikipedia/commons/2/29/Murillo_anciana_despiojando.jpg",
        "estilo": 1,
        "tipo_de_obra": 0,
        "trabajo_representado": [
            0,
            15
        ]
    }
},
{
    "model": "trama.obra",
    "pk": 15,
    "fields": {
        "nombre_obra": "Rebeca y Eliezer",
        "autor": 2,
        "anno": "1660",
        "ubicacion": "Museo del Prado",
        "iconografia": "Rebeca y Eliezer",
        "descripcion": "Narra un episodio procedente de Génesis 24: Abraham le pide a uno de sus siervos (Eliezer) que vaya a buscar una esposa para su hijo (Isaac) a la tierra de donde él tuvo que salir y le traiga la mujer para desposarla. Eliezer encuentra a Rebeca junto a un pozo\n\n- Aguadoras\n- Mujeres van a la fuente a por agua",
        "url_externa": "https://www.museodelprado.es/coleccion/obra-de-arte/rebeca-y-eliezer/a75850ce-081b-47c5-96ee-b45ae82266ea",
        "url_imagen": "https://upload.wikimedia.org/wikipedia/commons/0/01/Bartolom%C3%A9_Esteban_Perez_Murillo_022.jpg",
        "estilo": 1,
        "tipo_de_obra": 0,
        "trabajo_representado": [
            16
        ]
    }
},
{
    "model": "trama.obra",
    "pk": 17,
    "fields": {
        "nombre_obra": "Vieja con huso",
        "autor": 2,
        "anno": "1642",
        "ubicacion": "Museo del Prado",
        "iconografia": "Mujer mayor con huso",
        "descripcion": "Pintura de género, anciana con huso para hilar",
        "url_externa": "https://www.museodelprado.es/coleccion/obra-de-arte/vieja-hilando/2e7c5de4-90da-4b24-b42d-dea8f226e027",
        "url_imagen": "https://upload.wikimedia.org/wikipedia/commons/6/6f/Bartolom%C3%A9_Esteban_Murillo_%281617-1682%29_-_An_Old_Woman_Holding_a_Distaff_and_Spindle_-_732120_-_National_Trust.jpg",
        "estilo": 1,
        "tipo_de_obra": 0,
        "trabajo_representado": [
            15
        ]
    }
},
{
    "model": "trama.obra",
    "pk": 18,
    "fields": {
        "nombre_obra": "Vendedoras de fruta",
        "autor": 2,
        "anno": "1675",
        "ubicacion": "Pinacoteca Antigua de Múnich",
        "iconografia": "Niñas vendedoras de fruta",
        "descripcion": "Dos niñas sentadas, vendedoras de fruta, cuentan sus monedas",
        "url_externa": "https://www.sammlung.pinakothek.de/en/artwork/o5xrMRP47X",
        "url_imagen": "https://upload.wikimedia.org/wikipedia/commons/b/b5/Murillo_-_Vendedores_de_fruta.jpg",
        "estilo": 1,
        "tipo_de_obra": 0,
        "trabajo_representado": [
            18
        ]
    }
},
{
    "model": "trama.obra",
    "pk": 19,
    "fields": {
        "nombre_obra": "Adoración de los pastores",
        "autor": 2,
        "anno": "1650",
        "ubicacion": "Museo del Hermitage",
        "iconografia": "Adoración de los pastores",
        "descripcion": "Adoración de los pastores. Una mujer mayor pastora sonrie al niño Jesús",
        "url_externa": "https://www.museodelprado.es/coleccion/obra-de-arte/adoracion-de-los-pastores/612bacfa-afd6-4325-b17d-df6febb13b7c",
        "url_imagen": "https://upload.wikimedia.org/wikipedia/commons/thumb/9/9e/Adoraci%C3%B3n_de_los_pastores_%28Murillo%29.jpg/1244px-Adoraci%C3%B3n_de_los_pastores_%28Murillo%29.jpg",
        "estilo": 1,
        "tipo_de_obra": 0,
        "trabajo_representado": [
            11
        ]
    }
},
{
    "model": "trama.obra",
    "pk": 20,
    "fields": {
        "nombre_obra": "Horneando panes planos",
        "autor": 2,
        "anno": "1650",
        "ubicacion": "Museo del Hermitage",
        "iconografia": "Mujeres y un hombre haciendo panes sin levadura",
        "descripcion": "Dos mujeres y un hombre junto a una chimenea está cocinando panes planos, sin levadura",
        "url_externa": null,
        "url_imagen": "https://uploads3.wikiart.org/images/bartolome-esteban-murillo/baking-of-flat-cakes-1650.jpg",
        "estilo": 1,
        "tipo_de_obra": 0,
        "trabajo_representado": [
            10
        ]
    }
},
{
    "model": "trama.obra",
    "pk": 22,
    "fields": {
        "nombre_obra": "Nacimiento de la Virgen",
        "autor": 2,
        "anno": "1660",
        "ubicacion": "Museo del Louvre",
        "iconografia": "Nacimiento Virgen",
        "descripcion": "Santa Ana acaba de dar a luz, en la cama. sobrepuerta de la Capilla de la Concepción Grande de la catedral sevillana. En el centro, bajo un pequeño rompimiento de gloria, un grupo de matronas y ángeles en composición decreciente deudora de Rubens se arremolinan alegres en torno a la recién nacida, de la que emana un foco de luz que ilumina intensamente el primer plano y se degrada hacia el fondo.\n\nMatronas",
        "url_externa": "https://collections.louvre.fr/en/ark:/53355/cl010064740#",
        "url_imagen": "https://upload.wikimedia.org/wikipedia/commons/8/88/El_nacimiento_de_la_Virgen_%28Murillo%29.jpg",
        "estilo": 1,
        "tipo_de_obra": 0,
        "trabajo_representado": [
            17,
            19
        ]
    }
},
{
    "model": "trama.obra",
    "pk": 23,
    "fields": {
        "nombre_obra": "El patricio revela su sueño al papa Liberio",
        "autor": 2,
        "anno": "1665",
        "ubicacion": "Museo del Prado",
        "iconografia": "sueño del patricio Juan y su esposa",
        "descripcion": "egún una antigua leyenda medieval, el origen de la mencionada iglesia matriz de Santa María de las Nieves de Roma, que tuvo lugar en el siglo IV durante el pontificado del papa Liberio. En aquella época vivía en la Ciudad Eterna un patricio llamado Juan que profesaba una gran devoción a la Virgen María, a la cual había decidido legar, de acuerdo con su esposa, al fallecimiento de ambos, todos sus bienes. Para ello, en numerosas ocasiones los dos esposos habían rogado a la Virgen que les enviase alguna señal o indicación de cómo debían formalizar la entrega de su fortuna para que se invirtiese en su culto. A este respecto la leyenda señala que un día, 5 de agosto, la Virgen se les apareció en sueños durante la noche para encomendarles, de acuerdo con sus intereses, que edificasen una iglesia en el monte Esquilino, en cuya cúspide encontrarían trazada con nieve la planta del templo",
        "url_externa": "https://www.museodelprado.es/coleccion/obra-de-arte/fundacion-de-santa-maria-maggiore-de-roma-el/2c656ec2-4a1e-43a0-b26a-d67e1737b8d0",
        "url_imagen": "https://upload.wikimedia.org/wikipedia/commons/4/43/El_patricio_revela_su_sue%C3%B1o_al_papa_Liberio.jpg",
        "estilo": 1,
        "tipo_de_obra": 0,
        "trabajo_representado": [
            3
        ]
    }
},
{
    "model": "trama.obra",
    "pk": 25,
    "fields": {
        "nombre_obra": "Nacimiento de San Juan Bautista",
        "autor": 2,
        "anno": "1665",
        "ubicacion": "Norton Simon Museum",
        "iconografia": "Nacimiento de San Juan Bautista",
        "descripcion": "Isabel, prima de la Virge en un ángulo en la cama tras el parto del niño. En el centro grupo de matronas, mujeres y amas lo limpian y cuidan",
        "url_externa": "https://www.nortonsimon.org/art/detail/F.1973.38.P",
        "url_imagen": "https://upload.wikimedia.org/wikipedia/commons/4/4c/Murillo.Nacimiento_de_San_Juan_Bautista.JPG",
        "estilo": 1,
        "tipo_de_obra": 0,
        "trabajo_representado": [
            17,
            19
        ]
    }
},
{
    "model": "trama.obra",
    "pk": 26,
    "fields": {
        "nombre_obra": "Virgen con el niño y ángeles músicos",
        "autor": 2,
        "anno": "1675",
        "ubicacion": "Museo de Bellas Artes de Budapest",
        "iconografia": "madonna con ángeles",
        "descripcion": "Virgen cambiando pañales al niño Jesús",
        "url_externa": null,
        "url_imagen": null,
        "estilo": 1,
        "tipo_de_obra": 0,
        "trabajo_representado": [
            0
        ]
    }
},
{
    "model": "trama.obra",
    "pk": 27,
    "fields": {
        "nombre_obra": "Sagrada familia con ángeles",
        "autor": 2,
        "anno": "1670",
        "ubicacion": "Colección duque de Devonshire",
        "iconografia": "Sagrada familia con ángeles",
        "descripcion": "scena en el taller de Nazareth, dotando de intimismo a la composición. María interrumpe su labor para levantar una ligera sábana que cubre al Niño dormido y contemplarle, lo mismo que hace san José que también descansa de su labor, sosteniendo en sus manos una pieza de madera y una azuela. Si no existiera la presencia de una pequeña corte de ángeles en la parte superior de la composición, el lienzo parecería una escena de carácter popular ya que los personajes no tienen ningún elemento que aluda a su divinidad",
        "url_externa": null,
        "url_imagen": null,
        "estilo": 1,
        "tipo_de_obra": 0,
        "trabajo_representado": [
            0,
            3
        ]
    }
},
{
    "model": "trama.obra",
    "pk": 29,
    "fields": {
        "nombre_obra": "Huida a Egipto",
        "autor": 2,
        "anno": "",
        "ubicacion": "Instituto de Artes de Detroit",
        "iconografia": "Sagrada familia en la huída a Egipto",
        "descripcion": "La sagrada familia en su huída a Egipto. San José a pie porta en su espalda sus herramientas, María en el burro cuida al niño",
        "url_externa": null,
        "url_imagen": null,
        "estilo": 1,
        "tipo_de_obra": 0,
        "trabajo_representado": [
            0
        ]
    }
},
{
    "model": "trama.obra",
    "pk": 30,
    "fields": {
        "nombre_obra": "Virgen niña hilando",
        "autor": 4,
        "anno": "XVIII",
        "ubicacion": "Colección particular, Sevilla",
        "iconografia": "Virgen niña hilando",
        "descripcion": "Virgen niña sentada con uso y bobina hilando",
        "url_externa": null,
        "url_imagen": null,
        "estilo": 1,
        "tipo_de_obra": 0,
        "trabajo_representado": [
            15
        ]
    }
},
{
    "model": "trama.obra",
    "pk": 32,
    "fields": {
        "nombre_obra": "Sagrada Familia",
        "autor": 4,
        "anno": "XVIII",
        "ubicacion": "Catedral de Sevilla",
        "iconografia": "Sagrada Familia",
        "descripcion": "Sagrada familia en escena cotidiana, Virgen con su cesto de costura a los pies",
        "url_externa": null,
        "url_imagen": null,
        "estilo": 1,
        "tipo_de_obra": 0,
        "trabajo_representado": [
            0,
            3
        ]
    }
},
{
    "model": "trama.obra",
    "pk": 33,
    "fields": {
        "nombre_obra": "La bendición de Isaac a Jacob",
        "autor": 2,
        "anno": "1660",
        "ubicacion": " Museo Estatal Del Hermitage",
        "iconografia": "Isaac bendice a Jacob",
        "descripcion": "Escena con dos ámbitos, interior donde sucede la escena y mujer cuida al enfermo. Fuera gentes sencillas trabajando, mujer lleva agua del río a la casa",
        "url_externa": null,
        "url_imagen": null,
        "estilo": 1,
        "tipo_de_obra": 0,
        "trabajo_representado": [
            16,
            20
        ]
    }
},
{
    "model": "trama.obra",
    "pk": 43,
    "fields": {
        "nombre_obra": "Sagrada Familia",
        "autor": 2,
        "anno": "1665",
        "ubicacion": "The State Hermitage Museum",
        "iconografia": "Sagrada familia",
        "descripcion": "San José en la carpintería sostiene al niño, la Virgen que está cosiendo abre sus brazos para cogerlo",
        "url_externa": null,
        "url_imagen": null,
        "estilo": 1,
        "tipo_de_obra": 0,
        "trabajo_representado": [
            0,
            3
        ]
    }
},
{
    "model": "trama.obra",
    "pk": 44,
    "fields": {
        "nombre_obra": "Sagrada familia con San Juanito",
        "autor": 2,
        "anno": "1668",
        "ubicacion": "Museo de Bellas Artes de Budapest",
        "iconografia": "Sagrada familia con San Juanito",
        "descripcion": "Escena cotidiana con San José trabajando en la carpintería, la Virgen cosiendo y cuidando a los niños que juegan a hacer una cruz",
        "url_externa": null,
        "url_imagen": null,
        "estilo": 1,
        "tipo_de_obra": 0,
        "trabajo_representado": [
            0,
            3
        ]
    }
},
{
    "model": "trama.obra",
    "pk": 46,
    "fields": {
        "nombre_obra": "Divina Pastora",
        "autor": 4,
        "anno": "XVIII",
        "ubicacion": "Colección particular. Vendido em 2016 en subasta",
        "iconografia": "Divina pastora",
        "descripcion": "Firmado en el ángulo inferior izquierdo. Con importante marco de la época, a base de roleos y angelotes, realizado en madera tallada, dorada y policromada, de 130 x 105 cm.\nJuan Ruíz Soriano fue uno de los pintores más prolíficos en la Sevilla de la primera mitad del S. XVIII, continuador del estilo de Murillo. Para su Divina Pastora, el pintor sigue el modelo creado por Alonso Miguel de Tovar a partir de los escritos de Fray Isidoro de Sevilla: “Píntase pues este prodigio de la gracia, esta Imagen milagrosa, con la mayor hermosura, que el pincel le puede dar, en un monte, o valle, entre árboles, y plantas, sitio propio de los Pastores, sentada en una peña, rodeada toda de Ovejitas, que a cada una tiene en la boca una Rosa hermosísima (...)”.\n\nDimensions\n80 x 60 cm\n\nMedium\nÓleo sobre lienzo",
        "url_externa": null,
        "url_imagen": null,
        "estilo": 1,
        "tipo_de_obra": 0,
        "trabajo_representado": [
            11
        ]
    }
},
{
    "model": "trama.obra",
    "pk": 47,
    "fields": {
        "nombre_obra": "Anunciación",
        "autor": 5,
        "anno": "1741",
        "ubicacion": "Capilla universitaria en la antigua fábrica de Tabacos, Sevilla",
        "iconografia": "Anunciación",
        "descripcion": "La virgen arrodillada frente a un mueble en el que lee con libro y vela recibe al arcángel Gabriel. A un lado su labor de costura con tijeras y otros útiles",
        "url_externa": null,
        "url_imagen": null,
        "estilo": 1,
        "tipo_de_obra": 0,
        "trabajo_representado": [
            3
        ]
    }
},
{
    "model": "trama.obra",
    "pk": 48,
    "fields": {
        "nombre_obra": "Divina pastora",
        "autor": 5,
        "anno": "XVIII",
        "ubicacion": "Colección particular. Subasta 2013",
        "iconografia": "Divina pastora",
        "descripcion": "Bernardo Germán fue uno de los pintores por excelencia del tema de la divina pastora.",
        "url_externa": null,
        "url_imagen": null,
        "estilo": 1,
        "tipo_de_obra": 0,
        "trabajo_representado": [
            11
        ]
    }
},
{
    "model": "trama.obra",
    "pk": 49,
    "fields": {
        "nombre_obra": "Divina Pastora",
        "autor": 6,
        "anno": "XVIII",
        "ubicacion": "Colección particular",
        "iconografia": "Divina pastora",
        "descripcion": "Divina pastora, escuela de Murillo",
        "url_externa": null,
        "url_imagen": null,
        "estilo": 1,
        "tipo_de_obra": 0,
        "trabajo_representado": [
            11
        ]
    }
},
{
    "model": "trama.obra",
    "pk": 50,
    "fields": {
        "nombre_obra": "Sagrada Familia",
        "autor": 2,
        "anno": "XVII",
        "ubicacion": "Desconocido, subasta en 2010",
        "iconografia": "Sagrada Familia",
        "descripcion": "Sagrada familia en carpintería, María cosiendo",
        "url_externa": null,
        "url_imagen": null,
        "estilo": 1,
        "tipo_de_obra": 0,
        "trabajo_representado": [
            3
        ]
    }
},
{
    "model": "trama.obra",
    "pk": 51,
    "fields": {
        "nombre_obra": "Virgen de la faja",
        "autor": 2,
        "anno": "1660",
        "ubicacion": "Colección particular",
        "iconografia": "Virgen cambiando pañales al niño",
        "descripcion": "Virgen fajando al niño Jesús mientras ángeles tocan",
        "url_externa": null,
        "url_imagen": null,
        "estilo": 1,
        "tipo_de_obra": 0,
        "trabajo_representado": [
            0
        ]
    }
},
{
    "model": "trama.obra",
    "pk": 52,
    "fields": {
        "nombre_obra": "Vieja friendo huevos",
        "autor": 7,
        "anno": "1618",
        "ubicacion": "Galería nacional de Escocia",
        "iconografia": "Vieja con niño en una cocina",
        "descripcion": "Vieja en una cocina con un niño que porta un melón se encuentra friendo huevos en un anafe de barro",
        "url_externa": null,
        "url_imagen": null,
        "estilo": 1,
        "tipo_de_obra": 0,
        "trabajo_representado": [
            10
        ]
    }
},
{
    "model": "trama.obra",
    "pk": 53,
    "fields": {
        "nombre_obra": "Educación de la Virgen",
        "autor": 7,
        "anno": "1617",
        "ubicacion": "Galería universitaria de arte de Yale",
        "iconografia": "Santa Ana educa a la Virgen",
        "descripcion": "Santa Ana con San Joaquín enseñan a leer a la Virgen",
        "url_externa": null,
        "url_imagen": null,
        "estilo": 1,
        "tipo_de_obra": 0,
        "trabajo_representado": [
            7
        ]
    }
},
{
    "model": "trama.obra",
    "pk": 54,
    "fields": {
        "nombre_obra": "Almuerzo de campesinos",
        "autor": 7,
        "anno": "1618",
        "ubicacion": "Museo de Bellas Artes de Budapest",
        "iconografia": "Dos hombres a la mesa servidos por muchacha",
        "descripcion": "El almuerzo, también conocido como Almuerzo de campesinos y Muchacha y dos hombres a la mesa, es una obra atribuida a Velázquez, quien la habría pintado en Sevilla en los comienzos de su carrera. No se tienen noticias de esta obra anteriores a 1795, cuando se encontraba presumiblemente en la colección O’Crouley de Cádiz, donde se describía como «un lienzo apaisado con una serrana y dos zagales. Es una de sus mejores obras». En 1897 estaba en la colección A. Sanderson de Edimburgo. Ingresó en el Museo de Bellas Artes de Budapest en 1908 tras salir a subasta en Christie’s de Londres ese mismo año. El cuadro pertenece al género de los bodegones que según Francisco Pacheco pintaba Velázquez para adquirir por esa vía «la verdadera imitación del natural». Para Jonathan Brown, que considera sólo probable la autoría velazqueña, se inscribiría en el género de «pitture ridicole» extendida en los Países Bajos y el norte de Italia, aunque Velázquez, al contrario que algunos de sus copistas, no insiste en el carácter ridículo de sus protagonistas.",
        "url_externa": null,
        "url_imagen": null,
        "estilo": 1,
        "tipo_de_obra": 0,
        "trabajo_representado": [
            21
        ]
    }
},
{
    "model": "trama.obra",
    "pk": 55,
    "fields": {
        "nombre_obra": "Cristo en casa de Marta y María",
        "autor": 7,
        "anno": "1618",
        "ubicacion": "National Gallery, Londres",
        "iconografia": "Visita de Cristo a casa de Marta y María",
        "descripcion": "Bodegón a lo divino, en segundo término escena biblíca, en primer termino dos mujeres cocinando",
        "url_externa": null,
        "url_imagen": null,
        "estilo": 1,
        "tipo_de_obra": 0,
        "trabajo_representado": [
            10,
            19
        ]
    }
},
{
    "model": "trama.obra",
    "pk": 56,
    "fields": {
        "nombre_obra": "La cena de Emaús (La mulata)",
        "autor": 7,
        "anno": "1618",
        "ubicacion": "National Gallery, Dublin",
        "iconografia": "Mulata en la cocina limpiando, cena de Emáus",
        "descripcion": "El cuadro presenta a una muchacha de tez oscura y cofia blanca situada tras una mesa de cocina que corta la figura de medio cuerpo. Con su mano izquierda coge un jarro de cerámica vidriada, quedando sobre la mesa otros cacharros de loza y bronce, entre ellos un almirez con su mano y un ajo. En la pared del fondo un cesto de mimbre cuelga de una escarpia con una servilleta blanca. En 1933 al procederse a una limpieza se descubrió bajo un amplio repinte del fondo una ventana a través de la cual se ve a Cristo bendiciendo el pan y a un hombre barbado a su izquierda, faltando un segundo discípulo del que sólo queda una mano, dado el recorte sufrido por el lienzo en esta parte. La escena así representada, la Cena de Emaús.",
        "url_externa": null,
        "url_imagen": null,
        "estilo": 1,
        "tipo_de_obra": 0,
        "trabajo_representado": [
            1,
            10
        ]
    }
},
{
    "model": "trama.obra",
    "pk": 57,
    "fields": {
        "nombre_obra": "La mulata, La cocinera o Escena de cocina",
        "autor": 7,
        "anno": "1618",
        "ubicacion": " Instituto de Arte, Chicago",
        "iconografia": "Mulata en la cocina, recogiendo con cacharros",
        "descripcion": "Bodegón de figuras hecho por Velázquez. Semejante es otro cuadro de la National Gallery de Dublín, en Irlanda, legado en 1987 por Alfred Beit, en el que tras una limpieza efectuada en 1933 se descubrió La cena de Emaús en la pared del fondo, otorgando un significado religioso a lo que hasta entonces no era sino uno más de los «bodegones con figuras» pintados por Velázquez en Sevilla.",
        "url_externa": null,
        "url_imagen": null,
        "estilo": 1,
        "tipo_de_obra": 0,
        "trabajo_representado": [
            1,
            10
        ]
    }
},
{
    "model": "trama.obra",
    "pk": 58,
    "fields": {
        "nombre_obra": "Nacimiento de María",
        "autor": 8,
        "anno": "1629",
        "ubicacion": "Norton Simon Museum. Pasadena. California.",
        "iconografia": "Santa Ana da a luz a Virgen María",
        "descripcion": "Estancia, Santa Ana en la cama tras dar a luz a María, es atendida por sirviendas que le dan de comer. A los pies matronas lavan y atienden al bebé. La comitente del cuadro en un lateral vive la escena y porta cesta con huevos. Por cronología sería obra hecha en Sevilla.",
        "url_externa": null,
        "url_imagen": null,
        "estilo": 1,
        "tipo_de_obra": 0,
        "trabajo_representado": [
            17,
            19,
            20
        ]
    }
},
{
    "model": "trama.obra",
    "pk": 59,
    "fields": {
        "nombre_obra": "Virgen niña rezando",
        "autor": 8,
        "anno": "1658?",
        "ubicacion": "Fundación Rodríguez Acosta",
        "iconografia": "Virgem niña",
        "descripcion": "Virgen niña para su labor de costura (sudario de Cristo) para rezar",
        "url_externa": null,
        "url_imagen": null,
        "estilo": 1,
        "tipo_de_obra": 0,
        "trabajo_representado": [
            3
        ]
    }
},
{
    "model": "trama.obra",
    "pk": 70,
    "fields": {
        "nombre_obra": "Educación de la Virgen",
        "autor": 9,
        "anno": "1650",
        "ubicacion": "Colección Banco Santander",
        "iconografia": "Educación de la Virgen",
        "descripcion": "Santa Ana con la virgencita enseñándole a leer. Las dimensiones hacen posible que fuera cuadro de altar, pero también podría ser de devoción particular. La ambientación en terraza alfombrada con balaustrada abierta al paisaje",
        "url_externa": null,
        "url_imagen": null,
        "estilo": 1,
        "tipo_de_obra": 0,
        "trabajo_representado": [
            0,
            7
        ]
    }
},
{
    "model": "trama.obra",
    "pk": 71,
    "fields": {
        "nombre_obra": "Nacimiento de la Virgen",
        "autor": 9,
        "anno": "1663",
        "ubicacion": "Catedral de Granada",
        "iconografia": "Nacimiento de la Virgen",
        "descripcion": "La escena principal que es la Virgen acabada de nacer que es ofrecida al Cielo por su padre San Joaquín mientras que espera una matrona con el paño extendido sobre su regazo.\n En el tercer plano se encuentra otra ayudante pendiente de limpiar a la Niña, mientras que otra pasa mucho más oculta atendiendo a Santa Ana que acaba de dar a luz",
        "url_externa": null,
        "url_imagen": null,
        "estilo": 1,
        "tipo_de_obra": 0,
        "trabajo_representado": [
            17
        ]
    }
},
{
    "model": "trama.obra",
    "pk": 73,
    "fields": {
        "nombre_obra": "Anunciación",
        "autor": 10,
        "anno": "XVII",
        "ubicacion": "Colección privada, Vendido subasta",
        "iconografia": "Anunciación a la Virgen",
        "descripcion": "Anunciación a la Virgen que se encontraba leyendo con sus labores de costura a los pies. Es una copia muy fiel de la Anunciación de Murillo",
        "url_externa": null,
        "url_imagen": null,
        "estilo": 1,
        "tipo_de_obra": 0,
        "trabajo_representado": [
            3
        ]
    }
},
{
    "model": "trama.obra",
    "pk": 76,
    "fields": {
        "nombre_obra": "Educación de la Virgen",
        "autor": 12,
        "anno": "XVIII",
        "ubicacion": "Colección privada. Subastado",
        "iconografia": "Educación Virgen",
        "descripcion": "Santa Ana sentada enseña a leer a la Virgen. En la esquina se muestra la canasta de las costura.",
        "url_externa": null,
        "url_imagen": null,
        "estilo": 1,
        "tipo_de_obra": 0,
        "trabajo_representado": [
            3,
            7
        ]
    }
},
{
    "model": "trama.obra",
    "pk": 77,
    "fields": {
        "nombre_obra": "Virgen de la faja",
        "autor": 6,
        "anno": "XVII-XVIII",
        "ubicacion": "Museo de Cádiz",
        "iconografia": "Virgen de la faja",
        "descripcion": "Copia de Murillo. La Madre de Dios se representa sentada, con su Hijo tumbado sobre sus rodillas en actitud de envolverlo con blancos pañales para después colocarle la faja que figura en el ángulo inferior izquierdo del lienzo",
        "url_externa": null,
        "url_imagen": null,
        "estilo": 1,
        "tipo_de_obra": 0,
        "trabajo_representado": [
            0
        ]
    }
},
{
    "model": "trama.obra",
    "pk": 78,
    "fields": {
        "nombre_obra": "San Joaquín, santa Ana y la Virgen",
        "autor": 11,
        "anno": "XVII-XVIII",
        "ubicacion": "Museo de Bellas Artes, Córdoba",
        "iconografia": "Educación de la Virgen con sus padres",
        "descripcion": "Familia de la Virgen, la virgen niña recibe educación. Atrás escena de la virgen bebé atendida por ángeles.\nEn un ánguelo ángeles con costura.",
        "url_externa": null,
        "url_imagen": null,
        "estilo": 1,
        "tipo_de_obra": 0,
        "trabajo_representado": [
            3,
            7
        ]
    }
}
]
